Gate Voltage,Drain Current,Gate Voltage.1,Drain Current.1,Gate Voltage.2,Drain Current.2
0,2.68E-17,0,2.61E-17,0,2.56E-17
0.01,2.72E-17,0.01,2.5E-17,0.01,2.7E-17
0.02,2.74E-17,0.02,2.87E-17,0.02,2.48E-17
0.03,2.65E-17,0.03,2.71E-17,0.03,2.69E-17
0.04,2.78E-17,0.04,2.49E-17,0.04,2.49E-17
0.05,2.5E-17,0.05,2.88E-17,0.05,2.66E-17
0.06,2.79E-17,0.06,2.79E-17,0.06,2.85E-17
0.07,2.58E-17,0.07,2.5E-17,0.07,3.11E-17
0.08,2.81E-17,0.08,2.94E-17,0.08,2.81E-17
0.09,2.8E-17,0.09,2.78E-17,0.09,2.79E-17
0.1,2.85E-17,0.1,2.95E-17,0.1,2.95E-17
0.11,2.86E-17,0.11,3.03E-17,0.11,2.64E-17
0.12,2.7E-17,0.12,2.99E-17,0.12,2.87E-17
0.13,2.67E-17,0.13,2.54E-17,0.13,2.92E-17
0.14,2.69E-17,0.14,2.96E-17,0.14,2.99E-17
0.15,2.75E-17,0.15,3.09E-17,0.15,2.71E-17
0.16,2.91E-17,0.16,3.27E-17,0.16,2.76E-17
0.17,2.93E-17,0.17,5.68E-17,0.17,3.14E-17
0.18,2.98E-17,0.18,1.57E-16,0.18,4.75E-17
0.19,4.43E-17,0.19,5.6E-16,0.19,1.03E-16
0.2,9.46E-17,0.2,2.02E-15,0.2,3.34E-16
0.21,2.67E-16,0.21,6.98E-15,0.21,1.15E-15
0.22,8.45E-16,0.22,2.25E-14,0.22,3.84E-15
0.23,2.63E-15,0.23,6.7E-14,0.23,1.22E-14
0.24,7.86E-15,0.24,1.83E-13,0.24,3.61E-14
0.25,2.22E-14,0.25,4.61E-13,0.25,9.93E-14
0.26,5.91E-14,0.26,1.08E-12,0.26,2.53E-13
0.27,1.47E-13,0.27,2.41E-12,0.27,6E-13
0.28,3.43E-13,0.28,5.16E-12,0.28,1.34E-12
0.29,7.57E-13,0.29,1.07E-11,0.29,2.87E-12
0.3,1.6E-12,0.3,2.14E-11,0.3,5.92E-12
0.31,3.25E-12,0.31,4.21E-11,0.31,1.19E-11
0.32,6.41E-12,0.32,8.07E-11,0.32,2.32E-11
0.33,1.24E-11,0.33,1.52E-10,0.33,4.44E-11
0.34,2.33E-11,0.34,2.8E-10,0.34,8.31E-11
0.35,4.31E-11,0.35,5.07E-10,0.35,1.53E-10
0.36,7.83E-11,0.36,9.01E-10,0.36,2.76E-10
0.37,1.4E-10,0.37,1.57E-09,0.37,4.89E-10
0.38,2.45E-10,0.38,2.7E-09,0.38,8.54E-10
0.39,4.23E-10,0.39,4.57E-09,0.39,1.46E-09
0.4,7.18E-10,0.4,7.6E-09,0.4,2.47E-09
0.41,1.2E-09,0.41,1.25E-08,0.41,4.1E-09
0.42,1.99E-09,0.42,2.01E-08,0.42,6.73E-09
0.43,3.23E-09,0.43,0.000000032,0.43,1.09E-08
0.44,5.19E-09,0.44,5.02E-08,0.44,1.73E-08
0.45,8.22E-09,0.45,7.77E-08,0.45,2.72E-08
0.46,1.29E-08,0.46,0.000000119,0.46,4.22E-08
0.47,1.99E-08,0.47,1.79E-07,0.47,6.46E-08
0.48,3.04E-08,0.48,0.000000266,0.48,9.76E-08
0.49,4.58E-08,0.49,0.00000039,0.49,0.000000146
0.5,6.84E-08,0.5,0.000000567,0.5,0.000000215
0.51,0.000000101,0.51,0.000000811,0.51,0.000000313
0.52,0.000000147,0.52,0.00000115,0.52,0.000000452
0.53,0.000000213,0.53,0.0000016,0.53,0.000000643
0.54,0.000000304,0.54,0.0000022,0.54,0.000000904
0.55,0.000000429,0.55,0.000003,0.55,0.00000126
0.56,0.0000006,0.56,0.00000402,0.56,0.00000173
0.57,8.31E-07,0.57,5.31E-06,0.57,2.34E-06
0.58,0.00000114,0.58,0.00000694,0.58,0.00000314
0.59,0.00000154,0.59,0.00000894,0.59,0.00000416
0.6,0.00000207,0.6,0.0000114,0.6,0.00000544
0.61,0.00000274,0.61,0.0000143,0.61,0.00000702
0.62,0.0000036,0.62,0.0000177,0.62,0.00000896
0.63,0.00000467,0.63,0.00002024,0.63,0.0000113
0.64,0.000006,0.64,0.0000231,0.64,0.000014
0.65,0.00000762,0.65,0.00002626,0.65,0.0000172
0.66,0.00000958,0.66,0.00002954,0.66,0.00002078
0.67,0.0000119,0.67,0.00003308,0.67,0.00002332
0.68,0.0000146,0.68,0.00003676,0.68,0.00002646
0.69,0.0000178,0.69,0.00004062,0.69,0.0000298
0.7,0.0000214,0.7,4.468E-05,0.7,0.00003334
0.71,0.0000224,0.71,0.00004894,0.71,0.00003708
0.72,0.0000253,0.72,0.0000534,0.72,0.00004102
0.73,0.0000283,0.73,0.00005806,0.73,0.00004516
0.74,0.0000316,0.74,0.00006292,0.74,0.00004948
0.75,0.000035,0.75,0.00006798,0.75,0.00005394
0.76,0.0000386,0.76,0.00007316,0.76,0.00005868
0.77,0.0000423,0.77,0.0000786,0.77,0.0000636
0.78,0.0000463,0.78,0.00008418,0.78,0.00006866
0.79,0.0000504,0.79,0.00009002,0.79,0.00007398
0.8,0.0000546,0.8,0.000096,0.8,0.00007942
0.81,0.0000591,0.81,0.000102162,0.81,0.00008508
0.82,6.37E-05,0.82,0.00010853,0.82,9.1E-05
0.83,6.85E-05,0.83,0.000115092,0.83,9.70398E-05
0.84,0.0000734,0.84,0.000121845,0.84,0.000103281
0.85,0.0000786,0.85,0.000128789,0.85,0.000109729
0.86,0.0000839,0.86,0.000135925,0.86,0.000116371
0.87,0.0000894,0.87,0.000143252,0.87,0.000123207
0.88,0.000095,0.88,0.00015077,0.88,0.000130236
0.89,0.000100828,0.89,0.000158479,0.89,0.00013746
0.9,0.000106822,0.9,0.000166379,0.9,0.000144877
0.91,0.00011299,0.91,0.000174471,0.91,0.000152488
0.92,0.000119329,0.92,0.000182754,0.92,0.000160293
0.93,0.000125841,0.93,0.000191228,0.93,0.000168292
0.94,0.000132526,0.94,0.000199893,0.94,0.000176484
0.95,0.000139383,0.95,0.00020875,0.95,0.00018487
0.96,0.000146412,0.96,0.000217798,0.96,0.00019345
0.97,0.000153613,0.97,0.000227037,0.97,0.000202225
0.98,0.000160987,0.98,0.000236466,0.98,0.000211192
0.99,0.000168533,0.99,0.000246088,0.99,0.000220353
1,0.000176252,1,0.000258,1,0.000238
